"Time","Voltage","Current"
2024-08-04 18:55:00,42.3 kV,112 µA
2024-08-04 18:55:04,42.3 kV,112 µA
2024-08-04 18:55:08,42.3 kV,112 µA
2024-08-04 18:55:12,42.3 kV,112 µA
2024-08-04 18:55:16,42.3 kV,112 µA
2024-08-04 18:55:20,42.3 kV,112 µA
2024-08-04 18:55:24,42.3 kV,111 µA
2024-08-04 18:55:28,42.3 kV,112 µA
2024-08-04 18:55:32,42.3 kV,112 µA
2024-08-04 18:55:36,42.3 kV,111 µA
2024-08-04 18:55:40,42.3 kV,111 µA
2024-08-04 18:55:44,42.3 kV,112 µA
2024-08-04 18:55:48,42.3 kV,111 µA
2024-08-04 18:55:52,42.3 kV,112 µA
2024-08-04 18:55:56,42.3 kV,112 µA
2024-08-04 18:56:00,42.3 kV,112 µA
2024-08-04 18:56:04,42.3 kV,112 µA
2024-08-04 18:56:08,42.3 kV,112 µA
2024-08-04 18:56:12,42.3 kV,112 µA
2024-08-04 18:56:16,42.3 kV,112 µA
2024-08-04 18:56:20,42.3 kV,112 µA
2024-08-04 18:56:24,42.3 kV,112 µA
2024-08-04 18:56:28,42.3 kV,112 µA
2024-08-04 18:56:32,42.3 kV,112 µA
2024-08-04 18:56:36,42.3 kV,112 µA
2024-08-04 18:56:40,42.3 kV,111 µA
2024-08-04 18:56:44,42.3 kV,112 µA
2024-08-04 18:56:48,42.3 kV,112 µA
2024-08-04 18:56:52,42.3 kV,112 µA
2024-08-04 18:56:56,42.3 kV,112 µA
2024-08-04 18:57:00,42.3 kV,112 µA
2024-08-04 18:57:04,42.3 kV,112 µA
2024-08-04 18:57:08,42.3 kV,112 µA
2024-08-04 18:57:12,42.3 kV,112 µA
2024-08-04 18:57:16,42.3 kV,112 µA
2024-08-04 18:57:20,42.3 kV,111 µA
2024-08-04 18:57:24,42.3 kV,112 µA
2024-08-04 18:57:28,42.3 kV,112 µA
2024-08-04 18:57:32,42.3 kV,112 µA
2024-08-04 18:57:36,42.3 kV,111 µA
2024-08-04 18:57:40,42.3 kV,112 µA
2024-08-04 18:57:44,42.3 kV,112 µA
2024-08-04 18:57:48,42.3 kV,111 µA
2024-08-04 18:57:52,42.3 kV,112 µA
2024-08-04 18:57:56,42.3 kV,112 µA
2024-08-04 18:58:00,42.3 kV,112 µA
2024-08-04 18:58:04,42.3 kV,112 µA
2024-08-04 18:58:08,42.3 kV,112 µA
2024-08-04 18:58:12,42.3 kV,112 µA
2024-08-04 18:58:16,42.3 kV,111 µA
2024-08-04 18:58:20,42.3 kV,111 µA
2024-08-04 18:58:24,42.3 kV,111 µA
2024-08-04 18:58:28,42.3 kV,112 µA
2024-08-04 18:58:32,42.3 kV,112 µA
2024-08-04 18:58:36,42.3 kV,111 µA
2024-08-04 18:58:40,42.3 kV,112 µA
2024-08-04 18:58:44,42.3 kV,112 µA
2024-08-04 18:58:52,42.3 kV,112 µA
2024-08-04 18:58:56,42.3 kV,111 µA
2024-08-04 18:59:00,42.3 kV,112 µA
2024-08-04 18:59:04,42.3 kV,111 µA
2024-08-04 18:59:08,42.3 kV,111 µA
2024-08-04 18:59:12,42.3 kV,112 µA
2024-08-04 18:59:16,42.3 kV,112 µA
2024-08-04 18:59:20,42.3 kV,111 µA
2024-08-04 18:59:24,42.3 kV,112 µA
2024-08-04 18:59:28,42.3 kV,112 µA
2024-08-04 18:59:32,42.3 kV,111 µA
2024-08-04 18:59:36,42.3 kV,112 µA
2024-08-04 18:59:40,42.3 kV,112 µA
2024-08-04 18:59:44,42.3 kV,112 µA
2024-08-04 18:59:48,42.3 kV,111 µA
2024-08-04 18:59:52,42.3 kV,112 µA
2024-08-04 18:59:56,42.3 kV,112 µA
2024-08-04 19:00:00,42.3 kV,112 µA
2024-08-04 19:00:04,42.3 kV,112 µA
2024-08-04 19:00:08,42.3 kV,112 µA
2024-08-04 19:00:12,42.3 kV,111 µA
2024-08-04 19:00:16,42.3 kV,111 µA
2024-08-04 19:00:20,42.3 kV,111 µA
2024-08-04 19:00:24,42.3 kV,112 µA
2024-08-04 19:00:28,42.3 kV,112 µA
2024-08-04 19:00:32,42.3 kV,113 µA
2024-08-04 19:00:36,42.3 kV,112 µA
2024-08-04 19:00:40,42.3 kV,112 µA
2024-08-04 19:00:44,42.3 kV,112 µA
2024-08-04 19:00:48,42.3 kV,112 µA
2024-08-04 19:00:52,42.3 kV,112 µA
2024-08-04 19:00:56,42.3 kV,112 µA
2024-08-04 19:01:00,42.3 kV,112 µA
2024-08-04 19:01:04,42.3 kV,112 µA
2024-08-04 19:01:08,42.3 kV,112 µA
2024-08-04 19:01:12,42.3 kV,112 µA
2024-08-04 19:01:16,42.3 kV,112 µA
2024-08-04 19:01:20,42.3 kV,112 µA
2024-08-04 19:01:24,42.3 kV,112 µA
2024-08-04 19:01:28,42.3 kV,112 µA
2024-08-04 19:01:36,42.3 kV,111 µA
2024-08-04 19:01:40,42.3 kV,111 µA
2024-08-04 19:01:44,42.3 kV,112 µA
2024-08-04 19:01:48,42.3 kV,112 µA
2024-08-04 19:01:52,42.3 kV,112 µA
2024-08-04 19:01:56,42.3 kV,111 µA
2024-08-04 19:02:00,42.3 kV,112 µA
2024-08-04 19:02:04,42.3 kV,112 µA
2024-08-04 19:02:08,42.3 kV,112 µA
2024-08-04 19:02:12,42.3 kV,112 µA
2024-08-04 19:02:16,42.3 kV,112 µA
2024-08-04 19:02:20,42.3 kV,111 µA
2024-08-04 19:02:24,42.3 kV,112 µA
2024-08-04 19:02:28,42.3 kV,112 µA
2024-08-04 19:02:32,42.3 kV,112 µA
2024-08-04 19:02:36,42.3 kV,112 µA
2024-08-04 19:02:40,42.3 kV,112 µA
2024-08-04 19:02:44,42.3 kV,112 µA
2024-08-04 19:02:48,42.3 kV,112 µA
2024-08-04 19:02:52,42.3 kV,112 µA
2024-08-04 19:02:56,42.3 kV,112 µA
2024-08-04 19:03:00,42.3 kV,111 µA
2024-08-04 19:03:04,42.3 kV,112 µA
2024-08-04 19:03:12,42.3 kV,112 µA
2024-08-04 19:03:16,42.3 kV,111 µA
2024-08-04 19:03:24,42.3 kV,112 µA
2024-08-04 19:03:28,42.3 kV,112 µA
2024-08-04 19:03:32,42.3 kV,112 µA
2024-08-04 19:03:36,42.3 kV,111 µA
2024-08-04 19:03:40,42.3 kV,111 µA
2024-08-04 19:03:44,42.3 kV,111 µA
2024-08-04 19:03:48,42.3 kV,112 µA
2024-08-04 19:03:52,42.3 kV,112 µA
2024-08-04 19:03:56,42.3 kV,112 µA
2024-08-04 19:04:00,42.3 kV,112 µA
2024-08-04 19:04:04,42.3 kV,112 µA
2024-08-04 19:04:08,42.3 kV,111 µA
2024-08-04 19:04:12,42.3 kV,112 µA
2024-08-04 19:04:16,42.3 kV,112 µA
2024-08-04 19:04:20,42.3 kV,112 µA
2024-08-04 19:04:24,42.3 kV,112 µA
2024-08-04 19:04:28,42.3 kV,112 µA
2024-08-04 19:04:32,42.3 kV,112 µA
2024-08-04 19:04:36,42.3 kV,112 µA
2024-08-04 19:04:40,42.3 kV,112 µA
2024-08-04 19:04:44,42.3 kV,112 µA
2024-08-04 19:04:48,42.3 kV,112 µA
2024-08-04 19:04:52,42.3 kV,112 µA
2024-08-04 19:04:56,42.3 kV,112 µA
2024-08-04 19:05:00,42.3 kV,112 µA
2024-08-04 19:05:04,42.3 kV,112 µA
2024-08-04 19:05:08,42.3 kV,112 µA
2024-08-04 19:05:12,42.3 kV,112 µA
2024-08-04 19:05:16,42.3 kV,112 µA
2024-08-04 19:05:20,42.3 kV,112 µA
2024-08-04 19:05:24,42.3 kV,111 µA
2024-08-04 19:05:28,42.3 kV,112 µA
2024-08-04 19:05:32,42.3 kV,112 µA
2024-08-04 19:05:36,42.3 kV,111 µA
2024-08-04 19:05:40,42.3 kV,112 µA
2024-08-04 19:05:44,42.3 kV,112 µA
2024-08-04 19:05:48,42.3 kV,112 µA
2024-08-04 19:05:52,42.3 kV,112 µA
2024-08-04 19:05:56,42.3 kV,112 µA
2024-08-04 19:06:00,42.3 kV,112 µA
2024-08-04 19:06:04,42.3 kV,112 µA
2024-08-04 19:06:08,42.3 kV,112 µA
2024-08-04 19:06:12,42.3 kV,112 µA
2024-08-04 19:06:16,42.3 kV,112 µA
2024-08-04 19:06:20,42.3 kV,112 µA
2024-08-04 19:06:24,42.3 kV,112 µA
2024-08-04 19:06:28,42.3 kV,112 µA
2024-08-04 19:06:32,42.3 kV,111 µA
2024-08-04 19:06:36,42.3 kV,112 µA
2024-08-04 19:06:40,42.3 kV,112 µA
2024-08-04 19:06:44,42.3 kV,112 µA
2024-08-04 19:06:48,42.3 kV,112 µA
2024-08-04 19:06:52,42.3 kV,112 µA
2024-08-04 19:06:56,42.3 kV,112 µA
2024-08-04 19:07:00,42.3 kV,113 µA
2024-08-04 19:07:04,42.3 kV,112 µA
2024-08-04 19:07:08,42.3 kV,111 µA
2024-08-04 19:07:12,42.3 kV,111 µA
2024-08-04 19:07:16,42.3 kV,111 µA
2024-08-04 19:07:20,42.3 kV,112 µA
2024-08-04 19:07:24,42.3 kV,112 µA
2024-08-04 19:07:28,42.3 kV,111 µA
2024-08-04 19:07:32,42.3 kV,112 µA
2024-08-04 19:07:36,42.3 kV,112 µA
2024-08-04 19:07:40,42.3 kV,112 µA
2024-08-04 19:07:44,42.3 kV,112 µA
2024-08-04 19:07:48,42.3 kV,112 µA
2024-08-04 19:07:52,42.3 kV,112 µA
2024-08-04 19:07:56,42.3 kV,112 µA
2024-08-04 19:08:00,42.3 kV,112 µA
2024-08-04 19:08:04,42.3 kV,112 µA
2024-08-04 19:08:08,42.3 kV,112 µA
2024-08-04 19:08:12,42.3 kV,112 µA
2024-08-04 19:08:16,42.3 kV,112 µA
2024-08-04 19:08:20,42.3 kV,112 µA
2024-08-04 19:08:28,42.3 kV,112 µA
2024-08-04 19:08:32,42.3 kV,112 µA
2024-08-04 19:08:36,42.3 kV,112 µA
2024-08-04 19:08:40,42.3 kV,112 µA
2024-08-04 19:08:44,42.3 kV,112 µA
2024-08-04 19:08:48,42.3 kV,112 µA
2024-08-04 19:08:52,42.3 kV,112 µA
2024-08-04 19:08:56,42.3 kV,112 µA
2024-08-04 19:09:00,42.3 kV,112 µA
2024-08-04 19:09:04,42.3 kV,112 µA
2024-08-04 19:09:08,42.3 kV,112 µA
2024-08-04 19:09:12,42.3 kV,112 µA
2024-08-04 19:09:16,42.3 kV,112 µA
2024-08-04 19:09:20,42.3 kV,112 µA
2024-08-04 19:09:24,42.3 kV,112 µA
2024-08-04 19:09:28,42.3 kV,111 µA
2024-08-04 19:09:36,42.3 kV,111 µA
2024-08-04 19:09:40,42.3 kV,112 µA
2024-08-04 19:09:44,42.3 kV,112 µA
2024-08-04 19:09:48,42.3 kV,112 µA
2024-08-04 19:09:52,42.3 kV,113 µA
2024-08-04 19:09:56,42.3 kV,113 µA
2024-08-04 19:10:00,42.3 kV,112 µA
2024-08-04 19:10:04,42.3 kV,112 µA
2024-08-04 19:10:08,42.3 kV,112 µA
2024-08-04 19:10:12,42.3 kV,113 µA
2024-08-04 19:10:16,42.3 kV,112 µA
2024-08-04 19:10:20,42.3 kV,112 µA
2024-08-04 19:10:24,42.3 kV,112 µA
2024-08-04 19:10:28,42.3 kV,112 µA
2024-08-04 19:10:32,42.3 kV,112 µA
2024-08-04 19:10:36,42.3 kV,112 µA
2024-08-04 19:10:40,42.3 kV,113 µA
2024-08-04 19:10:44,42.3 kV,112 µA
2024-08-04 19:10:48,42.3 kV,112 µA
2024-08-04 19:10:52,42.3 kV,112 µA
2024-08-04 19:10:56,42.3 kV,112 µA
2024-08-04 19:11:00,42.3 kV,112 µA
2024-08-04 19:11:04,42.3 kV,111 µA
2024-08-04 19:11:08,42.3 kV,112 µA
2024-08-04 19:11:12,42.3 kV,111 µA
2024-08-04 19:11:16,42.3 kV,111 µA
2024-08-04 19:11:20,42.3 kV,111 µA
2024-08-04 19:11:24,42.3 kV,112 µA
2024-08-04 19:11:28,42.3 kV,112 µA
2024-08-04 19:11:32,42.3 kV,112 µA
2024-08-04 19:11:36,42.3 kV,112 µA
2024-08-04 19:11:40,42.3 kV,112 µA
2024-08-04 19:11:44,42.3 kV,112 µA
2024-08-04 19:11:52,42.3 kV,112 µA
2024-08-04 19:11:56,42.3 kV,112 µA
2024-08-04 19:12:00,42.3 kV,112 µA
2024-08-04 19:12:04,42.3 kV,112 µA
2024-08-04 19:12:08,42.3 kV,112 µA
2024-08-04 19:12:12,42.3 kV,112 µA
2024-08-04 19:12:16,42.3 kV,112 µA
2024-08-04 19:12:20,42.3 kV,112 µA
2024-08-04 19:12:24,42.3 kV,112 µA
2024-08-04 19:12:28,42.3 kV,112 µA
2024-08-04 19:12:32,42.3 kV,112 µA
2024-08-04 19:12:36,42.3 kV,112 µA
2024-08-04 19:12:40,42.3 kV,112 µA
2024-08-04 19:12:44,42.3 kV,111 µA
2024-08-04 19:12:48,42.3 kV,112 µA
2024-08-04 19:12:52,42.3 kV,112 µA
2024-08-04 19:12:56,42.3 kV,111 µA
2024-08-04 19:13:00,42.3 kV,112 µA
2024-08-04 19:13:04,42.3 kV,111 µA
2024-08-04 19:13:08,42.3 kV,112 µA
2024-08-04 19:13:12,42.3 kV,112 µA
2024-08-04 19:13:16,42.3 kV,112 µA
2024-08-04 19:13:20,42.3 kV,111 µA
2024-08-04 19:13:24,42.3 kV,112 µA
2024-08-04 19:13:32,42.3 kV,112 µA
2024-08-04 19:13:40,42.3 kV,111 µA
2024-08-04 19:13:44,42.3 kV,112 µA
2024-08-04 19:13:48,42.3 kV,111 µA
2024-08-04 19:13:52,42.3 kV,111 µA
2024-08-04 19:13:56,42.3 kV,111 µA
2024-08-04 19:14:00,42.3 kV,112 µA
2024-08-04 19:14:04,42.3 kV,111 µA
2024-08-04 19:14:08,42.3 kV,112 µA
2024-08-04 19:14:12,42.3 kV,112 µA
2024-08-04 19:14:16,42.3 kV,112 µA
2024-08-04 19:14:20,42.3 kV,112 µA
2024-08-04 19:14:24,42.3 kV,112 µA
2024-08-04 19:14:28,42.3 kV,112 µA
2024-08-04 19:14:32,42.3 kV,112 µA
2024-08-04 19:14:36,42.3 kV,112 µA
2024-08-04 19:14:40,42.3 kV,112 µA
2024-08-04 19:14:44,42.3 kV,112 µA
2024-08-04 19:14:48,42.3 kV,112 µA
2024-08-04 19:14:52,42.3 kV,112 µA
2024-08-04 19:15:00,42.3 kV,111 µA
2024-08-04 19:15:04,42.3 kV,111 µA
2024-08-04 19:15:08,42.3 kV,111 µA
2024-08-04 19:15:12,42.3 kV,111 µA
2024-08-04 19:15:16,42.3 kV,111 µA
2024-08-04 19:15:20,42.3 kV,111 µA
2024-08-04 19:15:24,42.3 kV,111 µA
2024-08-04 19:15:28,42.3 kV,111 µA
2024-08-04 19:15:32,42.3 kV,112 µA
2024-08-04 19:15:36,42.3 kV,112 µA
2024-08-04 19:15:40,42.3 kV,112 µA
2024-08-04 19:15:44,42.3 kV,112 µA
2024-08-04 19:15:48,42.3 kV,112 µA
2024-08-04 19:15:52,42.3 kV,112 µA
2024-08-04 19:15:56,42.3 kV,112 µA
2024-08-04 19:16:00,42.3 kV,112 µA
2024-08-04 19:16:04,42.3 kV,112 µA
2024-08-04 19:16:08,42.3 kV,111 µA
2024-08-04 19:16:16,42.3 kV,111 µA
2024-08-04 19:16:20,42.3 kV,112 µA
2024-08-04 19:16:24,42.3 kV,112 µA
2024-08-04 19:16:28,42.3 kV,111 µA
2024-08-04 19:16:32,42.3 kV,112 µA
2024-08-04 19:16:36,42.3 kV,112 µA
2024-08-04 19:16:40,42.3 kV,112 µA
2024-08-04 19:16:44,42.3 kV,112 µA
2024-08-04 19:16:48,42.3 kV,112 µA
2024-08-04 19:16:52,42.3 kV,112 µA
2024-08-04 19:16:56,42.3 kV,112 µA
2024-08-04 19:17:00,42.3 kV,112 µA
2024-08-04 19:17:04,42.3 kV,112 µA
2024-08-04 19:17:08,42.3 kV,112 µA
2024-08-04 19:17:12,42.3 kV,111 µA
2024-08-04 19:17:16,42.3 kV,112 µA
2024-08-04 19:17:20,42.3 kV,112 µA
2024-08-04 19:17:24,42.3 kV,112 µA
2024-08-04 19:17:28,42.3 kV,112 µA
2024-08-04 19:17:32,42.3 kV,112 µA
2024-08-04 19:17:36,42.3 kV,112 µA
2024-08-04 19:17:40,42.3 kV,112 µA
2024-08-04 19:17:44,42.3 kV,112 µA
2024-08-04 19:17:48,42.3 kV,112 µA
2024-08-04 19:17:52,42.3 kV,112 µA
2024-08-04 19:17:56,42.3 kV,112 µA
2024-08-04 19:18:00,42.3 kV,112 µA
2024-08-04 19:18:04,42.3 kV,112 µA
2024-08-04 19:18:08,42.3 kV,112 µA
2024-08-04 19:18:12,42.3 kV,112 µA
2024-08-04 19:18:16,42.3 kV,112 µA
2024-08-04 19:18:20,42.3 kV,112 µA
2024-08-04 19:18:24,42.3 kV,112 µA
2024-08-04 19:18:28,42.3 kV,112 µA
2024-08-04 19:18:32,42.3 kV,112 µA
2024-08-04 19:18:36,42.3 kV,112 µA
2024-08-04 19:18:40,42.3 kV,112 µA
2024-08-04 19:18:44,42.3 kV,112 µA
2024-08-04 19:18:48,42.3 kV,112 µA
2024-08-04 19:18:56,42.3 kV,112 µA
2024-08-04 19:19:00,42.3 kV,112 µA
2024-08-04 19:19:04,42.3 kV,112 µA
2024-08-04 19:19:08,42.3 kV,112 µA
2024-08-04 19:19:12,42.3 kV,112 µA
2024-08-04 19:19:16,42.3 kV,112 µA
2024-08-04 19:19:20,42.3 kV,112 µA
2024-08-04 19:19:24,42.3 kV,112 µA
2024-08-04 19:19:28,42.3 kV,112 µA
2024-08-04 19:19:32,42.3 kV,112 µA
2024-08-04 19:19:36,42.3 kV,112 µA
2024-08-04 19:19:40,42.3 kV,112 µA
2024-08-04 19:19:44,42.3 kV,113 µA
2024-08-04 19:19:48,42.3 kV,113 µA
2024-08-04 19:19:52,42.3 kV,113 µA
2024-08-04 19:19:56,42.3 kV,112 µA
2024-08-04 19:20:00,42.3 kV,113 µA
2024-08-04 19:20:04,42.3 kV,112 µA
2024-08-04 19:20:08,42.3 kV,113 µA
2024-08-04 19:20:12,42.3 kV,112 µA
2024-08-04 19:20:16,42.3 kV,113 µA
2024-08-04 19:20:20,42.3 kV,113 µA
2024-08-04 19:20:24,42.3 kV,112 µA
2024-08-04 19:20:28,42.3 kV,112 µA
2024-08-04 19:20:32,42.3 kV,112 µA
2024-08-04 19:20:36,42.3 kV,112 µA
2024-08-04 19:20:40,42.3 kV,112 µA
2024-08-04 19:20:44,42.3 kV,112 µA
2024-08-04 19:20:48,42.3 kV,112 µA
2024-08-04 19:20:52,42.3 kV,112 µA
2024-08-04 19:20:56,42.3 kV,112 µA
2024-08-04 19:21:00,42.3 kV,112 µA
2024-08-04 19:21:04,42.3 kV,112 µA
2024-08-04 19:21:08,42.3 kV,112 µA
2024-08-04 19:21:12,42.3 kV,112 µA
2024-08-04 19:21:16,42.3 kV,112 µA
2024-08-04 19:21:20,42.3 kV,112 µA
2024-08-04 19:21:24,42.3 kV,112 µA
2024-08-04 19:21:28,42.3 kV,112 µA
2024-08-04 19:21:32,42.3 kV,112 µA
2024-08-04 19:21:36,42.3 kV,112 µA
2024-08-04 19:21:40,42.3 kV,112 µA
2024-08-04 19:21:44,42.3 kV,112 µA
2024-08-04 19:21:48,42.3 kV,113 µA
2024-08-04 19:21:52,42.3 kV,112 µA
2024-08-04 19:21:56,42.3 kV,112 µA
2024-08-04 19:22:00,42.3 kV,112 µA
2024-08-04 19:22:04,42.3 kV,112 µA
2024-08-04 19:22:08,42.3 kV,112 µA
2024-08-04 19:22:12,42.3 kV,112 µA
2024-08-04 19:22:16,42.3 kV,112 µA
2024-08-04 19:22:20,42.3 kV,112 µA
2024-08-04 19:22:24,42.3 kV,112 µA
2024-08-04 19:22:28,42.3 kV,112 µA
2024-08-04 19:22:32,42.3 kV,112 µA
2024-08-04 19:22:36,42.3 kV,112 µA
2024-08-04 19:22:40,42.3 kV,112 µA
2024-08-04 19:22:44,42.3 kV,111 µA
2024-08-04 19:22:48,42.3 kV,111 µA
2024-08-04 19:22:52,42.3 kV,112 µA
2024-08-04 19:22:56,42.3 kV,112 µA
2024-08-04 19:23:00,42.3 kV,113 µA
2024-08-04 19:23:04,42.3 kV,113 µA
2024-08-04 19:23:12,42.3 kV,112 µA
2024-08-04 19:23:16,42.3 kV,112 µA
2024-08-04 19:23:20,42.3 kV,112 µA
2024-08-04 19:23:24,42.3 kV,112 µA
2024-08-04 19:23:28,42.3 kV,112 µA
2024-08-04 19:23:32,42.3 kV,113 µA
2024-08-04 19:23:36,42.3 kV,112 µA
2024-08-04 19:23:40,42.3 kV,112 µA
2024-08-04 19:23:44,42.3 kV,112 µA
2024-08-04 19:23:48,42.3 kV,112 µA
2024-08-04 19:23:52,42.3 kV,112 µA
2024-08-04 19:23:56,42.3 kV,112 µA
2024-08-04 19:24:00,42.3 kV,112 µA
2024-08-04 19:24:04,42.3 kV,112 µA
2024-08-04 19:24:08,42.3 kV,112 µA
2024-08-04 19:24:12,42.3 kV,112 µA
2024-08-04 19:24:16,42.3 kV,112 µA
2024-08-04 19:24:20,42.3 kV,112 µA
2024-08-04 19:24:24,42.3 kV,112 µA
2024-08-04 19:24:28,42.3 kV,112 µA
2024-08-04 19:24:32,42.3 kV,111 µA
2024-08-04 19:24:36,42.3 kV,112 µA
2024-08-04 19:24:40,42.3 kV,112 µA
2024-08-04 19:24:44,42.3 kV,112 µA
2024-08-04 19:24:48,42.3 kV,112 µA
2024-08-04 19:24:52,42.3 kV,112 µA
2024-08-04 19:24:56,42.3 kV,111 µA
2024-08-04 19:25:00,42.3 kV,112 µA
2024-08-04 19:25:04,42.3 kV,111 µA
2024-08-04 19:25:08,42.3 kV,111 µA
2024-08-04 19:25:12,42.3 kV,112 µA
2024-08-04 19:25:16,42.3 kV,112 µA
2024-08-04 19:25:20,42.3 kV,111 µA
2024-08-04 19:25:24,42.3 kV,112 µA
2024-08-04 19:25:28,42.3 kV,112 µA
2024-08-04 19:25:32,42.3 kV,112 µA
2024-08-04 19:25:36,42.3 kV,113 µA
2024-08-04 19:25:40,42.3 kV,112 µA
2024-08-04 19:25:44,42.3 kV,112 µA
2024-08-04 19:25:48,42.3 kV,112 µA
2024-08-04 19:25:52,42.3 kV,112 µA
2024-08-04 19:25:56,42.3 kV,112 µA
2024-08-04 19:26:00,42.3 kV,112 µA
2024-08-04 19:26:08,42.3 kV,112 µA
2024-08-04 19:26:12,42.3 kV,111 µA
2024-08-04 19:26:16,42.3 kV,111 µA
2024-08-04 19:26:20,42.3 kV,112 µA
2024-08-04 19:26:24,42.3 kV,112 µA
2024-08-04 19:26:28,42.3 kV,112 µA
2024-08-04 19:26:32,42.3 kV,111 µA
2024-08-04 19:26:36,42.3 kV,112 µA
2024-08-04 19:26:40,42.3 kV,111 µA
2024-08-04 19:26:44,42.3 kV,111 µA
2024-08-04 19:26:48,42.3 kV,112 µA
2024-08-04 19:26:52,42.3 kV,112 µA
2024-08-04 19:26:56,42.3 kV,112 µA
2024-08-04 19:27:00,42.3 kV,111 µA
2024-08-04 19:27:04,42.3 kV,112 µA
2024-08-04 19:27:08,42.3 kV,112 µA
2024-08-04 19:27:12,42.3 kV,112 µA
2024-08-04 19:27:16,42.3 kV,112 µA
2024-08-04 19:27:20,42.3 kV,112 µA
2024-08-04 19:27:24,42.3 kV,111 µA
2024-08-04 19:27:28,42.3 kV,112 µA
2024-08-04 19:27:32,42.3 kV,112 µA
2024-08-04 19:27:36,42.3 kV,111 µA
2024-08-04 19:27:40,42.3 kV,112 µA
2024-08-04 19:27:44,42.3 kV,112 µA
2024-08-04 19:27:48,42.3 kV,111 µA
2024-08-04 19:27:52,42.3 kV,112 µA
2024-08-04 19:27:56,42.3 kV,112 µA
2024-08-04 19:28:00,42.3 kV,112 µA
2024-08-04 19:28:04,42.3 kV,112 µA
2024-08-04 19:28:12,42.3 kV,112 µA
2024-08-04 19:28:16,42.3 kV,112 µA
2024-08-04 19:28:20,42.3 kV,112 µA
2024-08-04 19:28:24,42.3 kV,112 µA
2024-08-04 19:28:28,42.3 kV,111 µA
2024-08-04 19:28:32,42.3 kV,112 µA
2024-08-04 19:28:36,42.3 kV,112 µA
2024-08-04 19:28:40,42.3 kV,112 µA
2024-08-04 19:28:44,42.3 kV,112 µA
2024-08-04 19:28:48,42.3 kV,112 µA
2024-08-04 19:28:52,42.3 kV,112 µA
2024-08-04 19:28:56,42.3 kV,112 µA
2024-08-04 19:29:00,42.3 kV,112 µA
2024-08-04 19:29:04,42.3 kV,112 µA
2024-08-04 19:29:08,42.3 kV,112 µA
2024-08-04 19:29:12,42.3 kV,112 µA
2024-08-04 19:29:16,42.3 kV,112 µA
2024-08-04 19:29:20,42.3 kV,112 µA
2024-08-04 19:29:24,42.3 kV,112 µA
2024-08-04 19:29:28,42.3 kV,113 µA
2024-08-04 19:29:32,42.3 kV,112 µA
2024-08-04 19:29:36,42.3 kV,112 µA
2024-08-04 19:29:40,42.3 kV,112 µA
2024-08-04 19:29:44,42.3 kV,112 µA
2024-08-04 19:29:48,42.3 kV,112 µA
2024-08-04 19:29:52,42.3 kV,112 µA
2024-08-04 19:29:56,42.3 kV,111 µA
2024-08-04 19:30:00,42.3 kV,111 µA
2024-08-04 19:30:04,42.3 kV,111 µA
2024-08-04 19:30:08,42.3 kV,112 µA
2024-08-04 19:30:12,42.3 kV,112 µA
2024-08-04 19:30:16,42.3 kV,112 µA
2024-08-04 19:30:20,42.3 kV,112 µA
2024-08-04 19:30:24,42.3 kV,112 µA
2024-08-04 19:30:28,42.3 kV,112 µA
2024-08-04 19:30:32,42.3 kV,112 µA
2024-08-04 19:30:36,42.3 kV,111 µA
2024-08-04 19:30:40,42.3 kV,112 µA
2024-08-04 19:30:44,42.3 kV,112 µA
2024-08-04 19:30:48,42.3 kV,111 µA
2024-08-04 19:30:52,42.3 kV,112 µA
2024-08-04 19:30:56,42.3 kV,113 µA
2024-08-04 19:31:00,42.3 kV,112 µA
2024-08-04 19:31:04,42.3 kV,112 µA
2024-08-04 19:31:08,42.3 kV,112 µA
2024-08-04 19:31:12,42.3 kV,111 µA
2024-08-04 19:31:16,42.3 kV,112 µA
2024-08-04 19:31:20,42.3 kV,112 µA
2024-08-04 19:31:24,42.3 kV,112 µA
2024-08-04 19:31:28,42.3 kV,112 µA
2024-08-04 19:31:32,42.3 kV,112 µA
2024-08-04 19:31:36,42.3 kV,112 µA
2024-08-04 19:31:40,42.3 kV,112 µA
2024-08-04 19:31:44,42.3 kV,112 µA
2024-08-04 19:31:48,42.3 kV,112 µA
2024-08-04 19:31:52,42.3 kV,112 µA
2024-08-04 19:32:00,42.3 kV,111 µA
2024-08-04 19:32:04,42.3 kV,112 µA
2024-08-04 19:32:08,42.3 kV,111 µA
2024-08-04 19:32:12,42.3 kV,112 µA
2024-08-04 19:32:16,42.3 kV,112 µA
2024-08-04 19:32:20,42.3 kV,112 µA
2024-08-04 19:32:24,42.3 kV,112 µA
2024-08-04 19:32:28,42.3 kV,111 µA
2024-08-04 19:32:32,42.3 kV,112 µA
2024-08-04 19:32:36,42.3 kV,111 µA
2024-08-04 19:32:40,42.3 kV,112 µA
2024-08-04 19:32:44,42.3 kV,111 µA
2024-08-04 19:32:48,42.3 kV,112 µA
2024-08-04 19:32:52,42.3 kV,112 µA
2024-08-04 19:32:56,42.3 kV,112 µA
2024-08-04 19:33:00,42.3 kV,111 µA
2024-08-04 19:33:04,42.3 kV,112 µA
2024-08-04 19:33:08,42.3 kV,112 µA
2024-08-04 19:33:12,42.3 kV,111 µA
2024-08-04 19:33:16,42.3 kV,111 µA
2024-08-04 19:33:20,42.3 kV,111 µA
2024-08-04 19:33:24,42.3 kV,112 µA
2024-08-04 19:33:28,42.3 kV,111 µA
2024-08-04 19:33:32,42.3 kV,112 µA
2024-08-04 19:33:36,42.3 kV,112 µA
2024-08-04 19:33:40,42.3 kV,112 µA
2024-08-04 19:33:44,42.3 kV,112 µA
2024-08-04 19:33:48,42.3 kV,112 µA
2024-08-04 19:33:52,42.3 kV,111 µA
2024-08-04 19:33:56,42.3 kV,112 µA
2024-08-04 19:34:00,42.3 kV,111 µA
2024-08-04 19:34:04,42.3 kV,112 µA
2024-08-04 19:34:08,42.3 kV,112 µA
2024-08-04 19:34:12,42.3 kV,111 µA
2024-08-04 19:34:16,42.3 kV,112 µA
2024-08-04 19:34:20,42.3 kV,112 µA
2024-08-04 19:34:24,42.3 kV,112 µA
2024-08-04 19:34:28,42.3 kV,112 µA
2024-08-04 19:34:32,42.3 kV,112 µA
2024-08-04 19:34:36,42.3 kV,112 µA
2024-08-04 19:34:40,42.3 kV,112 µA
2024-08-04 19:34:44,42.3 kV,111 µA
2024-08-04 19:34:48,42.3 kV,112 µA
2024-08-04 19:34:52,42.3 kV,112 µA
2024-08-04 19:34:56,42.3 kV,112 µA
2024-08-04 19:35:00,42.3 kV,111 µA
2024-08-04 19:35:04,42.3 kV,112 µA
2024-08-04 19:35:08,42.3 kV,112 µA
2024-08-04 19:35:12,42.3 kV,112 µA
2024-08-04 19:35:16,42.3 kV,112 µA
2024-08-04 19:35:20,42.3 kV,112 µA
2024-08-04 19:35:24,42.3 kV,112 µA
2024-08-04 19:35:28,42.3 kV,112 µA
2024-08-04 19:35:32,42.3 kV,112 µA
2024-08-04 19:35:36,42.3 kV,112 µA
2024-08-04 19:35:40,42.3 kV,111 µA
2024-08-04 19:35:44,42.3 kV,111 µA
2024-08-04 19:35:48,42.3 kV,112 µA
2024-08-04 19:35:52,42.3 kV,111 µA
2024-08-04 19:35:56,42.3 kV,112 µA
2024-08-04 19:36:00,42.3 kV,112 µA
2024-08-04 19:36:04,42.3 kV,112 µA
2024-08-04 19:36:08,42.3 kV,112 µA
2024-08-04 19:36:12,42.3 kV,111 µA
2024-08-04 19:36:16,42.3 kV,111 µA
2024-08-04 19:36:24,42.3 kV,111 µA
2024-08-04 19:36:28,42.3 kV,111 µA
2024-08-04 19:36:32,42.3 kV,111 µA
2024-08-04 19:36:36,42.3 kV,112 µA
2024-08-04 19:36:40,42.3 kV,111 µA
2024-08-04 19:36:44,42.3 kV,112 µA
2024-08-04 19:36:48,42.3 kV,111 µA
2024-08-04 19:36:52,42.3 kV,111 µA
2024-08-04 19:37:00,42.3 kV,111 µA
2024-08-04 19:37:04,42.3 kV,112 µA
2024-08-04 19:37:08,42.3 kV,112 µA
2024-08-04 19:37:12,42.3 kV,111 µA
2024-08-04 19:37:16,42.3 kV,111 µA
2024-08-04 19:37:20,42.3 kV,111 µA
2024-08-04 19:37:24,42.3 kV,111 µA
2024-08-04 19:37:28,42.3 kV,111 µA
2024-08-04 19:37:32,42.3 kV,111 µA
2024-08-04 19:37:36,42.3 kV,111 µA
2024-08-04 19:37:40,42.3 kV,111 µA
2024-08-04 19:37:44,42.3 kV,111 µA
2024-08-04 19:37:48,42.3 kV,111 µA
2024-08-04 19:37:52,42.3 kV,111 µA
2024-08-04 19:37:56,42.3 kV,111 µA
2024-08-04 19:38:00,42.3 kV,111 µA
2024-08-04 19:38:04,42.3 kV,111 µA
2024-08-04 19:38:08,42.3 kV,111 µA
2024-08-04 19:38:12,42.3 kV,111 µA
2024-08-04 19:38:16,42.3 kV,111 µA
2024-08-04 19:38:20,42.3 kV,111 µA
2024-08-04 19:38:24,42.3 kV,111 µA
2024-08-04 19:38:28,42.3 kV,111 µA
2024-08-04 19:38:32,42.3 kV,111 µA
2024-08-04 19:38:36,42.3 kV,111 µA
2024-08-04 19:38:40,42.3 kV,111 µA
2024-08-04 19:38:44,42.3 kV,111 µA
2024-08-04 19:38:48,42.3 kV,112 µA
2024-08-04 19:38:52,42.3 kV,112 µA
2024-08-04 19:38:56,42.3 kV,111 µA
2024-08-04 19:39:00,42.3 kV,112 µA
2024-08-04 19:39:04,42.3 kV,111 µA
2024-08-04 19:39:08,42.3 kV,111 µA
2024-08-04 19:39:16,42.3 kV,111 µA
2024-08-04 19:39:20,42.3 kV,111 µA
2024-08-04 19:39:24,42.3 kV,111 µA
2024-08-04 19:39:28,42.3 kV,111 µA
2024-08-04 19:39:32,42.3 kV,111 µA
2024-08-04 19:39:36,42.3 kV,111 µA
2024-08-04 19:39:40,42.3 kV,112 µA
2024-08-04 19:39:44,42.3 kV,111 µA
2024-08-04 19:39:48,42.3 kV,111 µA
2024-08-04 19:39:52,42.3 kV,111 µA
2024-08-04 19:39:56,42.3 kV,111 µA
2024-08-04 19:40:00,42.3 kV,111 µA
2024-08-04 19:40:04,42.3 kV,111 µA
2024-08-04 19:40:08,42.3 kV,111 µA
2024-08-04 19:40:12,42.3 kV,111 µA
2024-08-04 19:40:16,42.3 kV,111 µA
2024-08-04 19:40:20,42.3 kV,111 µA
2024-08-04 19:40:24,42.3 kV,111 µA
2024-08-04 19:40:28,42.3 kV,111 µA
2024-08-04 19:40:32,42.3 kV,111 µA
2024-08-04 19:40:36,42.3 kV,111 µA
2024-08-04 19:40:40,42.3 kV,111 µA
2024-08-04 19:40:44,42.3 kV,111 µA
2024-08-04 19:40:48,42.3 kV,111 µA
2024-08-04 19:40:52,42.3 kV,111 µA
2024-08-04 19:40:56,42.3 kV,111 µA
2024-08-04 19:41:00,42.3 kV,111 µA
2024-08-04 19:41:04,42.3 kV,111 µA
2024-08-04 19:41:08,42.3 kV,111 µA
2024-08-04 19:41:12,42.3 kV,111 µA
2024-08-04 19:41:16,42.3 kV,111 µA
2024-08-04 19:41:20,42.3 kV,111 µA
2024-08-04 19:41:24,42.3 kV,111 µA
2024-08-04 19:41:28,42.3 kV,112 µA
2024-08-04 19:41:32,42.3 kV,111 µA
2024-08-04 19:41:36,42.3 kV,111 µA
2024-08-04 19:41:40,42.3 kV,111 µA
2024-08-04 19:41:44,42.3 kV,111 µA
2024-08-04 19:41:48,42.3 kV,111 µA
2024-08-04 19:41:52,42.3 kV,111 µA
2024-08-04 19:41:56,42.3 kV,111 µA
2024-08-04 19:42:00,42.3 kV,111 µA
2024-08-04 19:42:04,42.3 kV,111 µA
2024-08-04 19:42:08,42.3 kV,111 µA
2024-08-04 19:42:12,42.3 kV,111 µA
2024-08-04 19:42:16,42.3 kV,112 µA
2024-08-04 19:42:20,42.3 kV,111 µA
2024-08-04 19:42:24,42.3 kV,112 µA
2024-08-04 19:42:28,42.3 kV,111 µA
2024-08-04 19:42:32,42.3 kV,112 µA
2024-08-04 19:42:36,42.3 kV,111 µA
2024-08-04 19:42:40,42.3 kV,112 µA
2024-08-04 19:42:44,42.3 kV,111 µA
2024-08-04 19:42:48,42.3 kV,111 µA
2024-08-04 19:42:52,42.3 kV,111 µA
2024-08-04 19:42:56,42.3 kV,111 µA
2024-08-04 19:43:00,42.3 kV,111 µA
2024-08-04 19:43:04,42.3 kV,111 µA
2024-08-04 19:43:08,42.3 kV,111 µA
2024-08-04 19:43:16,42.3 kV,111 µA
2024-08-04 19:43:20,42.3 kV,111 µA
2024-08-04 19:43:24,42.3 kV,111 µA
2024-08-04 19:43:28,42.3 kV,112 µA
2024-08-04 19:43:32,42.3 kV,112 µA
2024-08-04 19:43:36,42.3 kV,111 µA
2024-08-04 19:43:40,42.3 kV,112 µA
2024-08-04 19:43:44,42.3 kV,111 µA
2024-08-04 19:43:48,42.3 kV,111 µA
2024-08-04 19:43:52,42.3 kV,111 µA
2024-08-04 19:43:56,42.3 kV,111 µA
2024-08-04 19:44:00,42.3 kV,111 µA
2024-08-04 19:44:04,42.3 kV,111 µA
2024-08-04 19:44:08,42.3 kV,111 µA
2024-08-04 19:44:12,42.3 kV,111 µA
2024-08-04 19:44:16,42.3 kV,111 µA
2024-08-04 19:44:20,42.3 kV,111 µA
2024-08-04 19:44:24,42.3 kV,111 µA
2024-08-04 19:44:28,42.3 kV,112 µA
2024-08-04 19:44:32,42.3 kV,111 µA
2024-08-04 19:44:36,42.3 kV,111 µA
2024-08-04 19:44:40,42.3 kV,111 µA
2024-08-04 19:44:44,42.3 kV,111 µA
2024-08-04 19:44:48,42.3 kV,111 µA
2024-08-04 19:44:52,42.3 kV,111 µA
2024-08-04 19:44:56,42.3 kV,112 µA
2024-08-04 19:45:00,42.3 kV,111 µA
2024-08-04 19:45:04,42.3 kV,111 µA
2024-08-04 19:45:08,42.3 kV,112 µA
2024-08-04 19:45:12,42.3 kV,112 µA
2024-08-04 19:45:16,42.3 kV,111 µA
2024-08-04 19:45:20,42.3 kV,111 µA
2024-08-04 19:45:24,42.3 kV,112 µA
2024-08-04 19:45:28,42.3 kV,112 µA
2024-08-04 19:45:32,42.3 kV,112 µA
2024-08-04 19:45:36,42.3 kV,111 µA
2024-08-04 19:45:40,42.3 kV,111 µA
2024-08-04 19:45:44,42.3 kV,111 µA
2024-08-04 19:45:48,42.3 kV,112 µA
2024-08-04 19:45:52,42.3 kV,112 µA
2024-08-04 19:46:00,42.3 kV,112 µA
2024-08-04 19:46:04,42.3 kV,111 µA
2024-08-04 19:46:08,42.3 kV,112 µA
2024-08-04 19:46:12,42.3 kV,111 µA
2024-08-04 19:46:16,42.3 kV,111 µA
2024-08-04 19:46:20,42.3 kV,112 µA
2024-08-04 19:46:24,42.3 kV,112 µA
2024-08-04 19:46:28,42.3 kV,111 µA
2024-08-04 19:46:32,42.3 kV,112 µA
2024-08-04 19:46:36,42.3 kV,112 µA
2024-08-04 19:46:40,42.3 kV,112 µA
2024-08-04 19:46:44,42.3 kV,112 µA
2024-08-04 19:46:48,42.3 kV,112 µA
2024-08-04 19:46:52,42.3 kV,112 µA
2024-08-04 19:47:00,42.3 kV,112 µA
2024-08-04 19:47:04,42.3 kV,112 µA
2024-08-04 19:47:08,42.3 kV,111 µA
2024-08-04 19:47:12,42.3 kV,111 µA
2024-08-04 19:47:16,42.3 kV,111 µA
2024-08-04 19:47:20,42.3 kV,111 µA
2024-08-04 19:47:24,42.3 kV,112 µA
2024-08-04 19:47:28,42.3 kV,111 µA
2024-08-04 19:47:32,42.3 kV,111 µA
2024-08-04 19:47:36,42.3 kV,112 µA
2024-08-04 19:47:40,42.3 kV,111 µA
2024-08-04 19:47:48,42.3 kV,112 µA
2024-08-04 19:47:52,42.3 kV,111 µA
2024-08-04 19:47:56,42.3 kV,111 µA
2024-08-04 19:48:00,42.3 kV,111 µA
2024-08-04 19:48:04,42.3 kV,111 µA
2024-08-04 19:48:08,42.3 kV,111 µA
2024-08-04 19:48:12,42.3 kV,111 µA
2024-08-04 19:48:16,42.3 kV,111 µA
2024-08-04 19:48:20,42.3 kV,112 µA
2024-08-04 19:48:24,42.3 kV,111 µA
2024-08-04 19:48:28,42.3 kV,111 µA
2024-08-04 19:48:32,42.3 kV,111 µA
2024-08-04 19:48:36,42.3 kV,111 µA
2024-08-04 19:48:40,42.3 kV,111 µA
2024-08-04 19:48:44,42.3 kV,111 µA
2024-08-04 19:48:48,42.3 kV,111 µA
2024-08-04 19:48:52,42.3 kV,111 µA
2024-08-04 19:48:56,42.3 kV,111 µA
2024-08-04 19:49:00,42.3 kV,111 µA
2024-08-04 19:49:04,42.3 kV,111 µA
2024-08-04 19:49:08,42.3 kV,111 µA
2024-08-04 19:49:12,42.3 kV,112 µA
2024-08-04 19:49:16,42.3 kV,112 µA
2024-08-04 19:49:20,42.3 kV,111 µA
2024-08-04 19:49:24,42.3 kV,111 µA
2024-08-04 19:49:28,42.3 kV,111 µA
2024-08-04 19:49:32,42.3 kV,111 µA
2024-08-04 19:49:36,42.3 kV,111 µA
2024-08-04 19:49:40,42.3 kV,111 µA
2024-08-04 19:49:44,42.3 kV,111 µA
2024-08-04 19:49:48,42.3 kV,112 µA
2024-08-04 19:49:52,42.3 kV,111 µA
2024-08-04 19:49:56,42.3 kV,111 µA
2024-08-04 19:50:00,42.3 kV,112 µA
2024-08-04 19:50:04,42.3 kV,112 µA
2024-08-04 19:50:08,42.3 kV,112 µA
2024-08-04 19:50:12,42.3 kV,112 µA
2024-08-04 19:50:16,42.3 kV,111 µA
2024-08-04 19:50:20,42.3 kV,111 µA
2024-08-04 19:50:24,42.3 kV,111 µA
2024-08-04 19:50:28,42.3 kV,111 µA
2024-08-04 19:50:32,42.3 kV,111 µA
2024-08-04 19:50:36,42.3 kV,111 µA
2024-08-04 19:50:40,42.3 kV,112 µA
2024-08-04 19:50:44,42.3 kV,111 µA
2024-08-04 19:50:48,42.3 kV,112 µA
2024-08-04 19:50:52,42.3 kV,112 µA
2024-08-04 19:50:56,42.3 kV,111 µA
2024-08-04 19:51:00,42.3 kV,111 µA
2024-08-04 19:51:04,42.3 kV,112 µA
2024-08-04 19:51:08,42.3 kV,111 µA
2024-08-04 19:51:12,42.3 kV,112 µA
2024-08-04 19:51:16,42.3 kV,112 µA
2024-08-04 19:51:20,42.3 kV,111 µA
2024-08-04 19:51:28,42.3 kV,111 µA
2024-08-04 19:51:32,42.3 kV,111 µA
2024-08-04 19:51:36,42.3 kV,111 µA
2024-08-04 19:51:40,42.3 kV,111 µA
2024-08-04 19:51:44,42.3 kV,111 µA
2024-08-04 19:51:48,42.3 kV,112 µA
2024-08-04 19:51:52,42.3 kV,111 µA
2024-08-04 19:51:56,42.3 kV,111 µA
2024-08-04 19:52:00,42.3 kV,111 µA
2024-08-04 19:52:04,42.3 kV,111 µA
2024-08-04 19:52:08,42.3 kV,111 µA
2024-08-04 19:52:12,42.3 kV,111 µA
2024-08-04 19:52:16,42.3 kV,112 µA
2024-08-04 19:52:20,42.3 kV,111 µA
2024-08-04 19:52:24,42.3 kV,111 µA
2024-08-04 19:52:28,42.3 kV,112 µA
2024-08-04 19:52:32,42.3 kV,112 µA
2024-08-04 19:52:36,42.3 kV,111 µA
2024-08-04 19:52:40,42.3 kV,111 µA
2024-08-04 19:52:48,42.3 kV,111 µA
2024-08-04 19:52:52,42.3 kV,112 µA
2024-08-04 19:52:56,42.3 kV,111 µA
2024-08-04 19:53:00,42.3 kV,112 µA
2024-08-04 19:53:04,42.3 kV,112 µA
2024-08-04 19:53:08,42.3 kV,112 µA
2024-08-04 19:53:12,42.3 kV,112 µA
2024-08-04 19:53:16,42.3 kV,112 µA
2024-08-04 19:53:20,42.3 kV,111 µA
2024-08-04 19:53:24,42.3 kV,112 µA
2024-08-04 19:53:28,42.3 kV,111 µA
2024-08-04 19:53:32,42.3 kV,112 µA
2024-08-04 19:53:36,42.3 kV,112 µA
2024-08-04 19:53:40,42.3 kV,112 µA
2024-08-04 19:53:44,42.3 kV,112 µA
2024-08-04 19:53:48,42.3 kV,111 µA
2024-08-04 19:53:52,42.3 kV,111 µA
2024-08-04 19:53:56,42.3 kV,111 µA
2024-08-04 19:54:00,42.3 kV,111 µA
2024-08-04 19:54:04,42.3 kV,112 µA
2024-08-04 19:54:08,42.3 kV,111 µA
2024-08-04 19:54:12,42.3 kV,111 µA
2024-08-04 19:54:16,42.3 kV,111 µA
2024-08-04 19:54:20,42.3 kV,111 µA
2024-08-04 19:54:24,42.3 kV,111 µA
2024-08-04 19:54:28,42.3 kV,111 µA
2024-08-04 19:54:32,42.3 kV,111 µA
2024-08-04 19:54:36,42.3 kV,111 µA
2024-08-04 19:54:40,42.3 kV,111 µA
2024-08-04 19:54:44,42.3 kV,111 µA
2024-08-04 19:54:48,42.3 kV,111 µA
2024-08-04 19:54:52,42.3 kV,111 µA
2024-08-04 19:54:56,42.3 kV,111 µA
2024-08-04 19:55:00,42.3 kV,111 µA